<?xml version="1.0" encoding="utf-8"?>
<odoo>
    <data noupdate="0">

        <record id="module_course" model="ir.module.category">
            <field name="name">课程系统</field>
        </record>

        <record id="group_course_user" model="res.groups">
            <field name="name">学生吖</field>
            <!-- 在当前用户组下的用户，同时加入该字段所指定的用户组中 -->
            <field name="implied_ids" eval="[(4, ref('base.group_user'))]"/>
            <field name="category_id" ref="course.module_course"/>
            <field name="users" eval="[(4, ref('base.user_root'))]"/>
        </record>

        <record id="group_course_teacher" model="res.groups">
            <field name="name">老师吖</field>
            <field name="implied_ids"
                    eval="[(4, ref('base.group_user'))]"/>
            <field name="category_id" ref="course.module_course"/>
            <field name="users" eval="[(4, ref('base.user_root'))]"/>
        </record>

        <record id="group_course_manager" model="res.groups">
            <field name="name">主任吖</field>
            <!-- 在当前用户组下的用户，同时加入该字段所指定的用户组中 -->
            <field name="implied_ids" eval="[(4, ref('base.group_user'))]"/>
            <field name="category_id" ref="course.module_course"/>
            <field name="users" eval="[(4, ref('base.user_root'))]"/>
        </record>

    </data>
</odoo>